,,,,,,,,,,,,,,,,,,,
,,,KARTU STOCK GUDANG,,,,," NO.  K A R T U :
        STAFF                          PM



(……...............)           (……..................)",,,,,,,,,,,
,,,,,,,,,,,,,,,,,,,
,,,PROYEK :,,,,,,,,,,,,,,,,
,,,KODE :,,,,,,,,,,,,,,,,
,Update per Tanggal :,,09 August 2025,,,,,,,,,,,,,,,,
P E N E R I M A A N,,,,,,,P E N G E L U A R A N,,,,,,,,,,,,
NO,TANGGAL,KODE,MATERIAL,NO. LPB,SAT,VOLUME ,No.,TANGGAL,KODE,MATERIAL,NO. BON,SAT,VOLUME,,,,,,
1,4/14/2025,MT.03,SPANDEX,,LMBR, 600 ,1,4/14/2025,MT.52,KABEL,,METER, 4 ,,,,,,
2,5/15/2025,MT.52,KABEL,,METER, 50 ,2,4/23/2025,MT.04,KAYU BAYUR A,,BTG, 3 ,,,,,,
3,5/17/2025,MT.35,"PIPA 2""",,BTG, 54 ,3,4/26/2025,MT.07,BESI 12,,BTG, 6 ,,,,,,
4,5/26/2025,MT.52,KABEL,,METER, 22 ,4,5/8/2025,MT.08,BESI 8,,BTG, 4 ,,,,,,
5,5/29/2025,MT.04,KAYU BAYUR A,,BTG, 43 ,5,5/14/2025,MT.16,BESI 6,,BTG, 7 ,,,,,,
6,6/10/2025,MT.04,KAYU BAYUR A,,BTG, 12 ,6,5/23/2025,MT.35,"PIPA 2""",,BTG, 2 ,,,,,,
7,6/16/2025,MT.01,TRIPLEK,,LMBR, 65 ,7,6/1/2025,MT.52,KABEL,,METER, 1 ,,,,,,
8,6/25/2025,MT.07,BESI 12,,BTG, 10 ,8,6/4/2025,MT.04,KAYU BAYUR A,,BTG, 4 ,,,,,,
9,6/28/2025,MT.08,BESI 8,,BTG, 66 ,9,6/16/2025,MT.04,KAYU BAYUR A,,BTG, 6 ,,,,,,
10,7/10/2025,MT.16,BESI 6,,BTG, 22 ,10,6/25/2025,MT.01,TRIPLEK,,LMBR, 3 ,,,,,,
11,7/19/2025,MT.16,BESI 6,,BTG, 23 ,11,7/4/2025,MT.07,BESI 12,,BTG, 4 ,,,,,,
12,7/22/2025,MT.10,KORAL ,,TRUK, 13 ,12,7/7/2025,MT.10,KORAL ,,TRUK, 6 ,,,,,,
13,8/3/2025,MT.11,SEMEN,,SAK, 12 ,13,7/19/2025,MT.11,SEMEN,,SAK, 6 ,,,,,,
14,8/9/2025,MT.09,PASIR,,TRUK, 65 ,14,,,,,,,,,,,,
15,,,,,,,15,,,,,,,,,,,,
16,,,,,,,16,,,,,,,,,,,,
17,,,,,,,17,,,,,,,,,,,,
18,,,,,,,18,,,,,,,,,,,,
19,,,,,,,19,,,,,,,,,,,,
20,,,,,,,20,,,,,,,,,,,,
21,,,,,,,21,,,,,,,,,,,,
22,,,,,,,22,,,,,,,,,,,,
23,,,,,,,23,,,,,,,,,,,,
24,,,,,,,24,,,,,,,,,,,,
25,,,,,,,25,,,,,,,,,,,,
26,,,,,,,26,,,,,,,,,,,,
27,,,,,,,27,,,,,,,,,,,,
28,,,,,,,28,,,,,,,,,,,,
29,,,,,,,29,,,,,,,,,,,,
30,,,,,,,30,,,,,,,,,,,,
,,,,,,,,,,,,,,,,,,,
"© CV. DIPO KARYA INJINIRING,  Indonesia",,,,,,,,,,,,,,,,,,,
