,,EVALUASI PENGADAAN VENDOR,,,,,,NOMOR :,,,,,
,,      PROYEK/BAGIAN : ,,,,,,  KODE PROYEK :,,,,,
,,,,,,,,,,,,,
TABEL KOMPARASI & PENAWARAN,,,,,,,,,,,,,
,,,,,,,,,,,,,
RAPP,,,,,,SUPLYER 1 ,,SUPLYER 2 :,,SUPLYER 3 :,,,
NO,URAIAN ITEM,QTY,SATUAN,HARGA SATUAN,TOTAL,HARGA SATUAN,TOTAL,HARGA SATUAN,TOTAL,HARGA SATUAN,TOTAL,,
Column1,Column2,Column3,Column4,Column5,Column6,Column7,Column8,Column9,Column10,Column11,Column12,Column13,Column14
A.,HARGA PENAWARAN,,,,,,,,,,,,
1,,,,, $-   ,, $-   ,, $-   ,, $-   ,,
2,,,,, $-   ,, $-   ,, $-   ,, $-   ,,
3,,,,, $-   ,, $-   ,, $-   ,, $-   ,,
4,,,,, $-   ,, $-   ,, $-   ,, $-   ,,
5,,,,, $-   ,, $-   ,, $-   ,, $-   ,,
6,,,,, $-   ,, $-   ,, $-   ,, $-   ,,
7,,,,, $-   ,, $-   ,, $-   ,, $-   ,,
8,,,,, $-   ,, $-   ,, $-   ,, $-   ,,
9,,,,, $-   ,, $-   ,, $-   ,, $-   ,,
10,,,,, $-   ,, $-   ,, $-   ,, $-   ,,
,PPN 11%,0.11,%, $-   , $-   ,, $-   , $-   , $-   ,, $-   ,,
,ONGKIR,1.00,LS,,,, $-   ,, $-   ,, $-   ,,
,"Bunga Tempo 2,5% / Bulan",,,,, $-   , $-   ,,,, $-   ,,
,,,,JUMLAH, $-   ,, $-     ,, $-     ,, $-     ,,
,,,,SELISIH TERHADAP RAPP,,, $-     ,, $-     ,,,,
B.,SPESIFIKASI DAN LINGKUP PEKERJAAN,,,,,,,,,,,,
C.,CARA PEMBAYARAN,,,,,,,,,,,,
D.,TAHAP PEMBAYARAN,,,,,,,,,,,,
E.,WAKTU PELAKSANAAN / PENGIRIMAN,,,,,,,,,,,,
F.,LAIN - LAIN,,,,,,,,,,,,
HASIL EVALUASI (LOLOS / TIDAK LOLOS),,,,,,,,,,,,,
,,,,,,,,,,,,,
KEPUTUSAN HASIL NEGOSIASI,,,,RAPP, $-   ,NILAI FINAL,,SELISIH,,NAMA VENDOR\,,,
,,,,,,,,,,,,,
,,,,,,,,,,,,,
   Note :,,,,,,,,,,,,,
,,,,,,,,"Diajukan Oleh :
Kepala Departemen Procurement





(M Ilham Arrosyidin)",,"Disetujui Oleh
Direktur Keuangan





(Nur Islam Achmad)",,,
,,,,,,,,,,,,,
,,,,,,,,,,,,,
