,,,,PURCHASE ORDER,,,,,,,,,,,
,,,,( P.O ),,,,,,,,,,,
,,,Nomor :,000/PO/KEU/G-12500/VIII/2025,,,,,,,,,,,
,,,,,,,,,,,,,,,
,,,,,,,,,,,,,,,
,,,,,,,,,,,,,,,
,CV. DIPO KARYA INJINIRING,,,,,,,,,,,,,,
,Alamat,:,"JL. RAYA DAYU, RT004/RW008 DS. DAYU KEC. NGLEGOK KAB. BLITAR - JAWA TIMUR",,,,,,,,,,,,
,No. Telepon,:,+62 81358094219,,,,,,,,,,,,
,NPWP,:,20.548.278.9-653.000,,,,,,,,,,,,
,,,,,,,,,,,,,,,
,,,,,,,,,,,,,,,
,Order to,:,PT …............,,,,,,,,,,,,
,Alamat,:,,,,,,,,,,,,,
,NPWP,:,,,,,,,,,,,,,
,,,,,,,,,,,,,,,
,Contact Person,:,,,,,,,,,,,,,
,Phone,:,,,,,,,,,,,,,
,,,,,,,,,,,,,,,
,,,,,,,,,,,,,,,
,Project,: ,,,,,,,,,,,,,
,Kode Proyek,:,,,,,,,,,,,,,
,PO. Date,:,01 Maret 2026,,,,,,,,,,,,
,,,,,,,,,,,,,,,
,,,,,,,,,,,,,,,
Daftar Uraian Pemesanan,,,,,,,,,,,,,,,
NO,URAIAN,,SPESIFIKASI,QTY,SAT, HARGA SATUAN , TOTAL HARGA ,,,,,,,,
,,,,,,,,,730.00,1.00,730.00,730.00,,,
,,,,,,,,,730.00,1.00,730.00,730.00,,,
,,,,,,,,,,,,,,,
,,,,,,,,,,,,,,,
,,,,,,,,,,,,,,,
,,,,,,,,,,,,,,,
,,,,,,,,,,,,,,,
,,,,,,,,,,,,,,,
,,,,,,,,,,,,,,,
,,,,,,,,,,,,,,,
,,,,,,,,,,,,,,,
,,,,,,,,,,,,,,,
,,,,,,,,,,,,,,,
,,,,,,,,,,,,,,,
,,,,,,,,,,,,,,,
,,,,,,,,,,,,,,,
,,,,,,,,,,,,,,,
,,,,,,,,,,,,,,,
,,,,,,,,,,,,,,,
,,,,,,,,,,,,,,,
,,,,,,,,,,,,,,,
,,,,,,,,,90.00,1.00,90.00,90.00,,,
,,,,,,,,,60.00,1.00,60.00,60.00,,,
,,,,,, SUBTOTAL 1 , $-   ,,,,,2.5,,,
,,,,,, PPn 11% , $-   ,,,,,56,,,
,,,,,, ONGKOS KIRIM ,,,,,,,,,
,,,,,, TOTAL ( SUBTOTAL 1 + PPN 11% ) , $-   ,,,,,56,,,
,Terbilang : ,,Delapan puluh delapan juta enam ratus delapan belas ribu delapan ratus empat puluh rupiah.,,,,,, $36.00 ,,,,BELI, KURANG ,
,,,,,,,,, $547.00 ,#DIV/0!, $(547.00),140, $-   , $-   ,H4X6
-,Harga Termasuk PPn 11%,:, Non PPN,,,,,," $13,800,000.00 ",96.50%," $500,000.00 ",,,,PLAT CUTTING
-,Term of Payment,:, Tagihan lengkap diterima ,,,,,, $80.00 ,#DIV/0!, $(80.00),8, $-   , $-   ,H4X4
-,Kelengkapan Dokumen Tagihan,:,1. Tagihan/Invoice,,,,,,,,,,,,
,,,2. Kwitansi Asli bermaterai,,,,,,,,,,,,
,,,3. Faktur Pajak (Jika ada),,,,,,,,,,,,
,,,4. Laporan Penerimaan Barang (Diterbitkan oleh tim proyek),,,,,,,,,,,,
,,,5. Copy PO ini,,,,,,,,,,,,
,,,,,,,,,,,,,,,
-,MOS,:,Mengikuti Schedule Pengiriman Material Proyek,,,,,,,,,, $-   , $-   ,TOTAL
-,Alamat Kirim,:,,,,,,,,,,,,,
-,Pembatalan PO.,:,Dept. Pengadaan akan bersurat sebelum dilakukan pembatalan/perubahan PO ,,,,,,,,,,,,
,,,,,,,,,, $8.00 , $140.00 ,,,,
,,,,,,,,,, $14.00 , $70.00 ,,,,
,,,,,,,,,, $28.00 , $137.00 ,,,,
Yang Mengajukan Order ,,,,, Yang Menerima Order\ ,,,,,,,,,,
,Dibuat Oleh :,,Disetujui Oleh :,, Disetujui Oleh ; ,,,,,,,,,,
,,,,,,,,,,,,,,,
,,CV. DIPO KARYA INJINIRING,,,PT …............,,,,,,,,,,
,,,,,,,,,,,,,,,
,,,,,,,,,,,,,,,
,,,,,,,,,,,,,,,
,,,,,,,,,,,,,,,
,,,,,,,,,,,,,,,
,,,,,,,,,,,,,,,
,,,,,,,,,,,,,,,
,,,,,,,,,,,,,,,
,,,,,,,,,,,,,,,
,M. Ilham Arrosyiddin,,Nur Islam Achmad,, (…........................................................) ,,,,,,,,,,
,Kadept. Procurement ,,Direktur Keuangan,, (…........................................................) ,,,,,,,,,,
,,,,,,,,,,,,,,,
