,,,,,,
LAPORAN SEDIAAN BARANG (LSB),,,,,,
,,,,,,
,,,,,,
NO,KODE ITEM,ITEM,SAT,PENERIMAAN,PENGELUARAN,SISA
1,MT.03,SPANDEX,LMBR, 600 , -   , 600 
2,MT.52,KABEL,METER, 72 , 5 , 67 
3,MT.35,"PIPA 2""",BTG, 54 , 2 , 52 
4,MT.52,GRC,LMBR, 72 , 5 , 67 
5,MT.04,KAYU BAYUR A,BTG, 55 , 13 , 42 
6,MT.04,KAYU BAYUR B,BTG, 55 , 13 , 42 
7,MT.04,KAYU MAHONI,BTG, 55 , 13 , 42 
8,MT.01,TRIPLEK,LMBR, 65 , 3 , 62 
9,MT.07,BESI 12,BTG, 10 , 10 , -   
10,MT.08,BESI 8,BTG, 66 , 4 , 62 
11,MT.16,BESI 6,BTG, 45 , 7 , 38 
12,,WIREMESH M6,ROLL, -   , -   , -   
13,MT.10,KORAL ,TRUK, 13 , 6 , 7 
14,MT.11,SEMEN,SAK, 12 , 6 , 6 
15,MT.09,PASIR,TRUK, 65 , -   , 65 
16,MT.52,PAKU 7,KG, 72 , 5 , 67 
17,MT.52,PAKU 5,KG, 72 , 5 , 67 
18,MT.51,BENDRAT,KG, -   , -   , -   
,,,,,,
