,,,,,,,,,,,,,,,,,
,,SURAT PERMINTAAN PENGADAAN/PENYERAHAN (SPP),,,,,,NOMOR :,,,,,,,,,
,,      PROYEK/BAGIAN : ,,,,,,  KODE PROYEK :,,,,,,,,,
"CATATAN : 

1. SATU LEMBAR SPP/P HANYA DIGUNAKAN UNTUK SATU ITEM BUDGET, 2. SPP/P DISAMPAIKAN KECOMPROLLER PUSAT PALING LAMBAT 10 HARI SEBELUM RANGGAL SCHEDULE BARANG TIBA DAN TERLAMPIR CSPB (CONTROL STATUS PENGADAAN BARANG), 3. SPP/P DIINPUT KE DALAM SdBP+SETELAH LENGKAP KOLONG PERSETUJUAN HINGGA PM, 4. KHUSUS UNTUK PENGADAAN ALAT, RENCANA PERIODE WAKTU PEMAKAIAN AGAR DITULISKAN DALAM KOLOM KETERANGAN, 5. SESUAI PERSYARATAN SMTP, 6. UNTUK KANTOR PUSAT SPP CUKUP S/D KOLOM 3 (COMPTROLLER) 7.*) : CORET YANG TIDAK PERLU!",,,,,,,,,,,,,,,,,
,,,,,,,,,,,,,,,,,
NO,URAIAN ITEM,,KODE ITEM,QTY,SAT,"SCHEDULE
BARANG TIBA
(TANGGAL)","KETERANGAN
(PEKERJAAN)",,REKOMENDASI,,,,,,,,
,,,,,,,,,"PEMASOK/
SUPLIER",KONTAK,,,,,,,
1,PASIR,, MT.1 ,8.00,M3,8/26/2025, PERSIAPAN LAHAN ,,,,,,,,,,
,,,,,,,,,,,,,,,,,
,,,,,,,,,,,,,,,,,
,,,,,,,,,,,,,,,,,
,,,,,,,,,,,,,,,,,
,,,,,,,,,,,,,,,,,
,,,,,,,,,,,,,,,,,
,1. DIAJUKAN OLEH :,,2. DIPERIKSA OLEH :,,,,,3. DISETUJUI OLEH :,,,,,,,,,
,PELAKSANA/STAFF,,PROJECT MANAGER,,,,,KA. DEP. PROCUREMENT,,,,,,,,,
,,,,,,,,,,,,,,,,,
,,,,,,,,,,,,,,,,,
,,,,,,,,,,,,,,,,,
,,,,,,,,,,,,,,,,,
,,,,,,,,,,,,,,,,,
,,,,,,,,,,,,,,,,,
,NAMA :,,NAMA :,,,,,NAMA :,,,,,,,,,
,TANGGAL :,,TANGGAL :,,,,,TANGGAL :,,,,,,,,,
,,,,,,,,,,,,,,,,,
