,,,,,,,,,,,,,,,,
VOUCHER PEMBAYARAN,,,,,,,,,,,,,,,,
,,,,,,,,,,,,,,,,
,,,,,,,,,,,,,,,,
,,,,,,,,,,,,,,,,
,,,,,,,,,,,,,,,,
Nama Project  :,Pembangunan Kost 38 kamar 3 lantai + 1 Kamar penjaga,,,,,,Tanggal          :,,,,,,,,,45870
Kode Project  :,DHZ/G-12517,,,,,,No. Voucher  :,1,,DHZ/G-12517,,,,,,
,,,,,,,,,,,,,,,,
KODE ITEM,URAIAN,,,,QTY,SAT,HARGA SATUAN,TOTAL HARGA,,,,,,,,
,,,,,,,  ,  ,,,,,,,,
,,,,,,,  ,  ,,,,,,,,
,,,,,,,  ,  ,,,,,,,,
,,,,,,,  ,  ,,,,,,,,
,,,,,,,  ,  ,,,,,,,,
,,,,,,,  ,  ,,,,,,,,
,,,,,,,  ,  ,,,,,,,,
,,,,,,,  ,  ,,,,,,,,
,,,,,,,  ,  ,,,,,,,,
,,,,,,,  ,  ,,,,,,,,
 Ket : ,,,,,,, PPN 11% ,,,,,,,,,
 PEK COR KOLOM K1 ,,,,,,, ONGKIR ,,,,,,,,,
,,,,,,, TOTAL TAGIHAN , $-   ,,,,,,,,
Tujuan Tranfer,,,,,,,Diajukan Oleh,Disetujui oleh,,,,,,,,
Vendor :,,,,,,,,,,,,,,,,
Bank :,,,,,,,,,,,,,,,,
Nama :,,,,,,,,,,,,,,,,
No. Rek. :,,,,,,,,,,,,,,,,
Pembayaran :,,,,,,,M. Ilham Arrosyidin,Dicky Kusuma Purnomo P.,,,,,,,,
Jatuh Tempo :,,,,,,,Kadep Pengadaan,Direktur Operasi,,,,,,,,
